-- MySQL dump 10.13  Distrib 9.4.0, for Linux (x86_64)
--
-- Host: localhost    Database: moneymachine
-- ------------------------------------------------------
-- Server version	9.4.0

/*!40101 SET @OLD_CHARACTER_SET_CLIENT=@@CHARACTER_SET_CLIENT */;
/*!40101 SET @OLD_CHARACTER_SET_RESULTS=@@CHARACTER_SET_RESULTS */;
/*!40101 SET @OLD_COLLATION_CONNECTION=@@COLLATION_CONNECTION */;
/*!50503 SET NAMES utf8mb4 */;
/*!40103 SET @OLD_TIME_ZONE=@@TIME_ZONE */;
/*!40103 SET TIME_ZONE='+00:00' */;
/*!40014 SET @OLD_UNIQUE_CHECKS=@@UNIQUE_CHECKS, UNIQUE_CHECKS=0 */;
/*!40014 SET @OLD_FOREIGN_KEY_CHECKS=@@FOREIGN_KEY_CHECKS, FOREIGN_KEY_CHECKS=0 */;
/*!40101 SET @OLD_SQL_MODE=@@SQL_MODE, SQL_MODE='NO_AUTO_VALUE_ON_ZERO' */;
/*!40111 SET @OLD_SQL_NOTES=@@SQL_NOTES, SQL_NOTES=0 */;

--
-- Table structure for table `Bill`
--

DROP TABLE IF EXISTS `Bill`;
/*!40101 SET @saved_cs_client     = @@character_set_client */;
/*!50503 SET character_set_client = utf8mb4 */;
CREATE TABLE `Bill` (
  `id` int NOT NULL AUTO_INCREMENT,
  `adminCommissionPercent` double NOT NULL DEFAULT '30',
  `referralCommissionPercent` double NOT NULL DEFAULT '0',
  `referralUserId` int DEFAULT NULL,
  `status` enum('NEW','FINISHED','REJECTED','PROCESSING','CLAIMED') CHARACTER SET utf8mb4 COLLATE utf8mb4_unicode_ci NOT NULL,
  `hashId` varchar(191) CHARACTER SET utf8mb4 COLLATE utf8mb4_unicode_ci DEFAULT NULL,
  `userId` int DEFAULT NULL,
  `from` datetime(3) NOT NULL,
  `to` datetime(3) NOT NULL,
  `note` varchar(191) CHARACTER SET utf8mb4 COLLATE utf8mb4_unicode_ci DEFAULT NULL,
  `netProfit` double NOT NULL DEFAULT '0',
  `claimId` int DEFAULT NULL,
  `createdAt` datetime(3) NOT NULL DEFAULT CURRENT_TIMESTAMP(3),
  `updatedAt` datetime(3) NOT NULL DEFAULT CURRENT_TIMESTAMP(3),
  PRIMARY KEY (`id`),
  KEY `Bill_userId_fkey` (`userId`),
  KEY `Bill_claimId_fkey` (`claimId`),
  CONSTRAINT `Bill_claimId_fkey` FOREIGN KEY (`claimId`) REFERENCES `Claim` (`id`) ON DELETE SET NULL ON UPDATE CASCADE,
  CONSTRAINT `Bill_userId_fkey` FOREIGN KEY (`userId`) REFERENCES `User` (`id`) ON DELETE SET NULL ON UPDATE CASCADE
) ENGINE=InnoDB AUTO_INCREMENT=2 DEFAULT CHARSET=utf8mb4 COLLATE=utf8mb4_unicode_ci;
/*!40101 SET character_set_client = @saved_cs_client */;

--
-- Dumping data for table `Bill`
--

LOCK TABLES `Bill` WRITE;
/*!40000 ALTER TABLE `Bill` DISABLE KEYS */;
INSERT INTO `Bill` VALUES (1,0.3,0,NULL,'NEW',NULL,1,'2025-11-01 00:00:00.000','2025-11-15 00:00:00.000',NULL,63.53528094999999,NULL,'2025-11-15 00:00:05.625','2025-11-15 00:00:05.625');
/*!40000 ALTER TABLE `Bill` ENABLE KEYS */;
UNLOCK TABLES;

--
-- Table structure for table `Claim`
--

DROP TABLE IF EXISTS `Claim`;
/*!40101 SET @saved_cs_client     = @@character_set_client */;
/*!50503 SET character_set_client = utf8mb4 */;
CREATE TABLE `Claim` (
  `id` int NOT NULL AUTO_INCREMENT,
  `status` enum('NEW','FINISHED') CHARACTER SET utf8mb4 COLLATE utf8mb4_unicode_ci NOT NULL DEFAULT 'NEW',
  `amount` double NOT NULL DEFAULT '0',
  `userId` int DEFAULT NULL,
  `hashId` varchar(191) CHARACTER SET utf8mb4 COLLATE utf8mb4_unicode_ci DEFAULT NULL,
  `network` enum('ERC20','SOLANA','BEP20') CHARACTER SET utf8mb4 COLLATE utf8mb4_unicode_ci NOT NULL,
  `address` varchar(191) CHARACTER SET utf8mb4 COLLATE utf8mb4_unicode_ci NOT NULL,
  `createdAt` datetime(3) NOT NULL DEFAULT CURRENT_TIMESTAMP(3),
  `updatedAt` datetime(3) NOT NULL DEFAULT CURRENT_TIMESTAMP(3),
  PRIMARY KEY (`id`),
  KEY `Claim_userId_fkey` (`userId`),
  CONSTRAINT `Claim_userId_fkey` FOREIGN KEY (`userId`) REFERENCES `User` (`id`) ON DELETE SET NULL ON UPDATE CASCADE
) ENGINE=InnoDB DEFAULT CHARSET=utf8mb4 COLLATE=utf8mb4_unicode_ci;
/*!40101 SET character_set_client = @saved_cs_client */;

--
-- Dumping data for table `Claim`
--

LOCK TABLES `Claim` WRITE;
/*!40000 ALTER TABLE `Claim` DISABLE KEYS */;
/*!40000 ALTER TABLE `Claim` ENABLE KEYS */;
UNLOCK TABLES;

--
-- Table structure for table `Order`
--

DROP TABLE IF EXISTS `Order`;
/*!40101 SET @saved_cs_client     = @@character_set_client */;
/*!50503 SET character_set_client = utf8mb4 */;
CREATE TABLE `Order` (
  `id` int NOT NULL AUTO_INCREMENT,
  `orderId` varchar(191) CHARACTER SET utf8mb4 COLLATE utf8mb4_unicode_ci NOT NULL,
  `side` enum('SELL','BUY') CHARACTER SET utf8mb4 COLLATE utf8mb4_unicode_ci NOT NULL,
  `timestamp` varchar(191) CHARACTER SET utf8mb4 COLLATE utf8mb4_unicode_ci NOT NULL,
  `entryPrice` double NOT NULL,
  `qty` double NOT NULL,
  `budget` double NOT NULL,
  `status` enum('ACTIVE','EXPIRED','FINISHED') CHARACTER SET utf8mb4 COLLATE utf8mb4_unicode_ci NOT NULL DEFAULT 'ACTIVE',
  `netProfit` double NOT NULL DEFAULT '0',
  `markPrice` double DEFAULT NULL,
  `strategyId` int NOT NULL,
  `currentTargetId` int DEFAULT NULL,
  `tokenId` int NOT NULL,
  `fee` double NOT NULL DEFAULT '0',
  `stoplossOrderId` varchar(191) CHARACTER SET utf8mb4 COLLATE utf8mb4_unicode_ci DEFAULT NULL,
  `createdAt` datetime(3) NOT NULL DEFAULT CURRENT_TIMESTAMP(3),
  `updatedAt` datetime(3) NOT NULL DEFAULT CURRENT_TIMESTAMP(3),
  `billId` int DEFAULT NULL,
  `userId` int NOT NULL,
  `leverage` int NOT NULL DEFAULT '1',
  `buyDate` datetime(3) NOT NULL DEFAULT CURRENT_TIMESTAMP(3),
  `sellDate` datetime(3) DEFAULT NULL,
  PRIMARY KEY (`id`),
  UNIQUE KEY `Order_orderId_key` (`orderId`),
  KEY `Order_strategyId_fkey` (`strategyId`),
  KEY `Order_currentTargetId_fkey` (`currentTargetId`),
  KEY `Order_tokenId_fkey` (`tokenId`),
  KEY `Order_userId_fkey` (`userId`),
  KEY `Order_billId_fkey` (`billId`),
  CONSTRAINT `Order_billId_fkey` FOREIGN KEY (`billId`) REFERENCES `Bill` (`id`) ON DELETE SET NULL ON UPDATE CASCADE,
  CONSTRAINT `Order_currentTargetId_fkey` FOREIGN KEY (`currentTargetId`) REFERENCES `Target` (`id`) ON DELETE SET NULL ON UPDATE CASCADE,
  CONSTRAINT `Order_strategyId_fkey` FOREIGN KEY (`strategyId`) REFERENCES `Strategy` (`id`) ON DELETE RESTRICT ON UPDATE CASCADE,
  CONSTRAINT `Order_tokenId_fkey` FOREIGN KEY (`tokenId`) REFERENCES `Token` (`id`) ON DELETE RESTRICT ON UPDATE CASCADE,
  CONSTRAINT `Order_userId_fkey` FOREIGN KEY (`userId`) REFERENCES `User` (`id`) ON DELETE RESTRICT ON UPDATE CASCADE
) ENGINE=InnoDB AUTO_INCREMENT=91 DEFAULT CHARSET=utf8mb4 COLLATE=utf8mb4_unicode_ci;
/*!40101 SET character_set_client = @saved_cs_client */;

--
-- Dumping data for table `Order`
--

LOCK TABLES `Order` WRITE;
/*!40000 ALTER TABLE `Order` DISABLE KEYS */;
INSERT INTO `Order` VALUES (16,'151054901266','SELL','1759513447379',232.02,0.34,78.88680000000001,'FINISHED',-0.004049400000000397,231.8,1,2,1,0.07884940000000001,NULL,'2025-10-03 17:44:09.350','2025-10-03 17:45:24.445',NULL,1,1,'2025-10-03 17:44:09.350',NULL),(17,'160495397461','SELL','1761054549656',184.08,0.42,77.31360000000001,'FINISHED',-0.07731360000000001,184.08,1,2,1,0.07731360000000001,'160495575466','2025-10-21 13:49:12.138','2025-10-21 13:49:35.517',NULL,1,1,'2025-10-21 13:49:12.138',NULL),(21,'160516328897','SELL','1761057669067',188.79,0.4,75.516,'FINISHED',-0.1595580000000032,189,1,2,1,0.07555800000000001,NULL,'2025-10-21 14:41:11.637','2025-10-21 14:43:08.479',NULL,1,1,'2025-10-21 14:41:11.637',NULL),(22,'160736090183','BUY','1761091214694',185.44,0.36,66.7584,'FINISHED',-0.09194579999999754,185.37,1,2,1,0.0667458,NULL,'2025-10-22 00:00:18.084','2025-10-22 00:00:32.115',NULL,1,1,'2025-10-22 00:00:18.084',NULL),(23,'160916555761','BUY','1761120006140',184.82,0.4,73.928,'FINISHED',-0.1259019999999982,184.69,1,2,1,0.073902,NULL,'2025-10-22 08:00:09.591','2025-10-22 08:00:23.602',NULL,1,1,'2025-10-22 08:00:09.591',NULL),(24,'161117847346','BUY','1761148814588',183.89,0.36,66.20039999999999,'FINISHED',-1.192436999999998,180.76,1,2,1,0.065637,'161117871553','2025-10-22 16:00:16.310','2025-10-22 18:14:38.001',NULL,1,1,'2025-10-22 16:00:16.310',NULL),(25,'161317443386','BUY','1761177605707',179.94,0.4,71.976,'FINISHED',0.651662000000001,181.75,1,2,1,0.072338,NULL,'2025-10-23 00:00:09.098','2025-10-23 01:14:21.730',NULL,1,1,'2025-10-23 00:00:09.098',NULL),(26,'161490476027','BUY','1761206409724',187.43,0.34,63.72620000000001,'FINISHED',-0.0739211000000004,187.4,1,2,1,0.06372110000000002,'161496067114','2025-10-23 08:00:11.437','2025-10-23 09:04:53.089',NULL,1,1,'2025-10-23 08:00:11.437',NULL),(27,'161669072936','BUY','1761235212020',191.02,0.33,63.03660000000001,'FINISHED',0.3162736499999925,192.17,1,2,1,0.06322635000000001,NULL,'2025-10-23 16:00:13.732','2025-10-23 16:54:41.174',NULL,1,1,'2025-10-23 16:00:13.732',NULL),(28,'161838623163','SELL','1761264005595',191.28,0.37,70.7736,'FINISHED',-0.0707736,191.28,1,2,1,0.0707736,NULL,'2025-10-24 00:00:10.649','2025-10-24 00:00:24.647',NULL,1,1,'2025-10-24 00:00:10.649',NULL),(29,'162008800375','SELL','1761292805667',192.1,0.36,69.15599999999999,'FINISHED',-0.0871650000000041,192.15,1,2,1,0.069165,NULL,'2025-10-24 08:00:09.040','2025-10-24 08:00:23.067',NULL,1,1,'2025-10-24 08:00:09.040',NULL),(30,'162178595893','SELL','1761321611021',189.34,0.32,60.5888,'FINISHED',-0.04778240000000256,189.3,1,2,1,0.06058240000000001,NULL,'2025-10-24 16:00:12.730','2025-10-24 16:00:26.780',NULL,1,1,'2025-10-24 16:00:12.730',NULL),(31,'162326778528','SELL','1761350410055',193.38,0.31,59.9478,'FINISHED',-0.06925245000000035,193.41,1,2,1,0.05995245,NULL,'2025-10-25 00:00:11.767','2025-10-25 00:00:25.766',NULL,1,1,'2025-10-25 00:00:11.767',NULL),(32,'162474740849','SELL','1761379205942',193.87,0.34,65.9158,'FINISHED',-0.05230900000000273,193.83,1,2,1,0.06590900000000002,NULL,'2025-10-25 08:00:07.643','2025-10-25 08:00:21.689',NULL,1,1,'2025-10-25 08:00:07.643',NULL),(33,'162627925354','SELL','1761408008827',191.79,0.34,65.2086,'FINISHED',-0.06861030000000656,191.8,1,2,1,0.0652103,NULL,'2025-10-25 16:00:10.726','2025-10-25 16:00:24.810',NULL,1,1,'2025-10-25 16:00:10.726',NULL),(34,'162769324434','SELL','1761436805592',193.73,0.33,63.9309,'FINISHED',-0.0639309,193.73,1,2,1,0.0639309,NULL,'2025-10-26 00:00:08.967','2025-10-26 00:00:22.976',NULL,1,1,'2025-10-26 00:00:08.967',NULL),(35,'162907865340','SELL','1761465605482',193.86,0.33,63.9738,'FINISHED',-0.08378369999999138,193.92,1,2,1,0.0639837,NULL,'2025-10-26 08:00:08.872','2025-10-26 08:00:22.871',NULL,1,1,'2025-10-26 08:00:08.872',NULL),(36,'163083618742','SELL','1761494406589',199.41,0.31,61.8171,'FINISHED',-0.04941090000000247,199.37,1,2,1,0.0618109,NULL,'2025-10-26 16:00:09.788','2025-10-26 16:00:24.705',NULL,1,1,'2025-10-26 16:00:09.788',NULL),(37,'163246502640','SELL','1761523206232',200,0.31,62,'FINISHED',-0.04339069999999929,199.94,1,2,1,0.0619907,NULL,'2025-10-27 00:00:09.603','2025-10-27 00:00:23.608',NULL,1,1,'2025-10-27 00:00:09.603',NULL),(38,'163429084552','SELL','1761552011268',202.29,0.27,54.6183,'FINISHED',0.3181679999999988,200.91,1,2,1,0.054432,NULL,'2025-10-27 08:00:12.972','2025-10-27 08:26:35.433',NULL,1,1,'2025-10-27 08:00:12.972',NULL),(39,'163635987145','SELL','1761580805554',199.97,0.3,59.991,'FINISHED',0.2971874999999993,198.78,1,2,1,0.0598125,NULL,'2025-10-27 16:00:10.605','2025-10-27 20:33:14.738',NULL,1,1,'2025-10-27 16:00:10.605',NULL),(40,'163818336426','BUY','1761609610103',198.52,0.27,53.60040000000001,'FINISHED',-0.05360040000000001,198.52,1,2,1,0.05360040000000001,NULL,'2025-10-28 00:00:11.809','2025-10-28 00:00:25.807',NULL,1,1,'2025-10-28 00:00:11.809',NULL),(41,'163988424166','BUY','1761638409910',202.37,0.26,52.61620000000001,'FINISHED',-0.0526162,202.37,1,2,1,0.0526162,NULL,'2025-10-28 08:00:11.613','2025-10-28 08:00:25.628',NULL,1,1,'2025-10-28 08:00:11.613',NULL),(42,'164162198855','BUY','1761667206452',198.69,0.29,57.62009999999999,'FINISHED',-0.09240270000000131,198.57,1,2,1,0.0576027,NULL,'2025-10-28 16:00:10.022','2025-10-28 16:00:24.085',NULL,1,1,'2025-10-28 16:00:10.022',NULL),(43,'164337032710','BUY','1761696006157',194,0.29,56.26,'FINISHED',-0.05915854999999737,193.99,1,2,1,0.05625855,NULL,'2025-10-29 00:00:09.551','2025-10-29 00:00:23.577',NULL,1,1,'2025-10-29 00:00:09.551',NULL),(44,'164504052685','BUY','1761724806615',195.49,0.29,56.6921,'FINISHED',-0.07408340000000066,195.43,1,2,1,0.0566834,NULL,'2025-10-29 08:00:10.011','2025-10-29 08:00:24.058',NULL,1,1,'2025-10-29 08:00:10.011',NULL),(45,'164691283217','BUY','1761753611427',196.44,0.25,49.11,'FINISHED',-0.05410750000000256,196.42,1,2,1,0.0491075,NULL,'2025-10-29 16:00:13.144','2025-10-29 16:00:27.159',NULL,1,1,'2025-10-29 16:00:13.144',NULL),(46,'164898740130','BUY','1761782411617',193.75,0.25,48.4375,'FINISHED',-0.04094124999999972,193.78,1,2,1,0.04844125000000001,NULL,'2025-10-30 00:00:13.328','2025-10-30 00:00:27.347',NULL,1,1,'2025-10-30 00:00:13.328',NULL),(47,'165676675318','BUY','1761897605810',185.27,0.29,53.7283,'FINISHED',0.270909299999993,186.39,1,2,1,0.0538907,NULL,'2025-10-31 08:00:07.524','2025-10-31 08:59:20.041',NULL,1,1,'2025-10-31 08:00:07.524',NULL),(48,'165851065117','BUY','1761926406004',187.94,0.28,52.6232,'FINISHED',-1.040529,184.41,1,2,1,0.05212900000000001,'165851123594','2025-10-31 16:00:12.776','2025-10-31 17:00:50.174',NULL,1,1,'2025-10-31 16:00:12.776',NULL),(49,'166026627311','SELL','1761955211258',187.15,0.24,44.916,'FINISHED',44.893542,0,1,2,1,0.022458,NULL,'2025-11-01 00:00:12.977','2025-11-15 00:00:05.635',1,1,1,'2025-11-01 00:00:12.977',NULL),(50,'166452791098','BUY','1762041606456',186.3,0.45,83.83500000000001,'FINISHED',0.451397249999999,187.49,1,2,1,0.08410275,NULL,'2025-11-02 00:00:08.185','2025-11-15 00:00:05.635',1,1,1,'2025-11-02 00:00:08.185',NULL),(51,'166536141474','SELL','1762059072809',187.58,0.45,84.411,'FINISHED',84.3687945,0,2,4,1,0.0422055,NULL,'2025-11-02 04:51:14.524','2025-11-15 00:00:05.635',1,1,1,'2025-11-02 04:51:14.524',NULL),(52,'167401921678','BUY','1762214406354',165.94,0.54,89.6076,'FINISHED',0.4069440000000086,166.86,1,2,1,0.089856,NULL,'2025-11-04 00:00:11.324','2025-11-15 00:00:05.635',1,1,1,'2025-11-04 00:00:11.324',NULL),(53,'167415935778','SELL','1762216748917',166.79,0.53,88.3987,'FINISHED',2.907598550000003,161.14,2,4,1,0.08690145000000002,NULL,'2025-11-04 00:39:10.630','2025-11-15 00:00:05.635',1,1,1,'2025-11-04 00:39:10.630',NULL),(54,'167587411178','BUY','1762243206152',156.97,0.58,91.0426,'FINISHED',-91.0881213,0,1,2,1,0.0455213,NULL,'2025-11-04 08:00:09.683','2025-11-15 00:00:05.635',1,1,1,'2025-11-04 08:00:09.683',NULL),(55,'168148774011','BUY','1762329606107',156.24,0.57,89.0568,'FINISHED',0.4692638999999941,157.22,1,2,1,0.0893361,NULL,'2025-11-05 08:00:09.501','2025-11-15 00:00:05.635',1,1,1,'2025-11-05 08:00:09.501','2025-11-05 09:55:42.612'),(56,'168190538472','SELL','1762336547918',157.23,0.57,89.62109999999998,'FINISHED',-1.441196550000002,159.6,2,4,1,0.09029654999999999,'168190542730','2025-11-05 09:55:49.624','2025-11-15 00:00:05.635',1,1,1,'2025-11-05 09:55:49.624','2025-11-05 13:48:51.187'),(57,'168313368468','BUY','1762358405588',160.38,0.54,86.6052,'FINISHED',0.4531248,161.38,1,2,1,0.0868752,NULL,'2025-11-05 16:00:08.970','2025-11-15 00:00:05.635',1,1,1,'2025-11-05 16:00:08.970','2025-11-05 16:51:19.630'),(58,'168329776499','SELL','1762361484924',161.38,0.54,87.1452,'FINISHED',-1.405403999999999,163.82,2,4,1,0.08780400000000001,'168329787823','2025-11-05 16:51:26.636','2025-11-15 00:00:05.635',1,1,1,'2025-11-05 16:51:26.636','2025-11-05 18:51:52.522'),(59,'168462809280','SELL','1762387206038',162.23,0.52,84.3596,'FINISHED',0.4306977999999899,161.24,1,2,1,0.08410220000000002,NULL,'2025-11-06 00:00:09.406','2025-11-15 00:00:05.635',1,1,1,'2025-11-06 00:00:09.406','2025-11-06 00:04:12.799'),(60,'168464356568','BUY','1762387458089',161.17,0.53,85.42009999999999,'FINISHED',-1.367378799999994,158.75,2,4,1,0.0847788,'168464370430','2025-11-06 00:04:19.795','2025-11-15 00:00:05.635',1,1,1,'2025-11-06 00:04:19.795','2025-11-06 06:09:18.483'),(61,'168626732877','SELL','1762416010158',158.56,0.46,72.9376,'FINISHED',0.3872924,157.56,1,2,1,0.07270760000000001,NULL,'2025-11-06 08:00:12.059','2025-11-15 00:00:05.635',1,1,1,'2025-11-06 08:00:12.059','2025-11-06 12:40:29.704'),(62,'168723558324','BUY','1762432835085',157.54,0.53,83.4962,'FINISHED',-1.338968150000002,155.17,2,4,1,0.08286815,'168723573675','2025-11-06 12:40:36.801','2025-11-15 00:00:05.635',1,1,1,'2025-11-06 12:40:36.801','2025-11-06 16:39:57.082'),(63,'168940448597','BUY','1762473605983',155.22,0.52,80.7144,'FINISHED',0.4130385999999941,156.17,1,2,1,0.0809614,NULL,'2025-11-07 00:00:11.026','2025-11-15 00:00:05.635',1,1,1,'2025-11-07 00:00:11.026','2025-11-07 00:07:22.443'),(64,'168942764806','SELL','1762474047733',156.1,0.52,81.172,'FINISHED',-1.298580400000002,158.44,2,4,1,0.0817804,'168942774807','2025-11-07 00:07:29.434','2025-11-15 00:00:05.635',1,1,1,'2025-11-07 00:07:29.434','2025-11-07 03:05:43.898'),(65,'169090153731','BUY','1762502406241',157.65,0.5,78.825,'FINISHED',-1.543092500000003,154.72,1,2,1,0.07809250000000001,'169090167187','2025-11-07 08:00:09.626','2025-11-15 00:00:05.635',1,1,1,'2025-11-07 08:00:09.626','2025-11-07 09:34:17.373'),(66,'169267203783','BUY','1762531206799',155.31,0.5,77.655,'FINISHED',0.422095,156.31,1,2,1,0.077905,NULL,'2025-11-07 16:00:12.006','2025-11-15 00:00:05.635',1,1,1,'2025-11-07 16:00:12.006','2025-11-07 16:22:01.829'),(67,'169275403705','SELL','1762532527118',156.35,0.49,76.61149999999999,'FINISHED',-1.228687249999997,158.7,2,4,1,0.07718725,'169275422369','2025-11-07 16:22:08.833','2025-11-15 00:00:05.635',1,1,1,'2025-11-07 16:22:08.833','2025-11-07 17:13:54.375'),(68,'169437602621','SELL','1762560011337',161.86,0.41,66.3626,'FINISHED',0.3274342000000032,160.9,1,2,1,0.0661658,NULL,'2025-11-08 00:00:13.049','2025-11-15 00:00:05.635',1,1,1,'2025-11-08 00:00:13.049','2025-11-08 00:37:32.210'),(69,'169450432112','BUY','1762562257507',160.91,0.47,75.62769999999999,'FINISHED',-1.263790049999995,158.46,2,4,1,0.11229005,'169450444813','2025-11-08 00:37:39.222','2025-11-15 00:00:05.635',1,1,1,'2025-11-08 00:37:39.222','2025-11-08 13:06:25.074'),(70,'169753259076','SELL','1762617610108',156.59,0.4,62.636,'FINISHED',0.337564,155.59,1,2,1,0.06243600000000001,NULL,'2025-11-08 16:00:11.823','2025-11-15 00:00:05.635',1,1,1,'2025-11-08 16:00:11.823','2025-11-09 03:24:16.129'),(71,'169945603681','BUY','1762658661427',155.56,0.46,71.55760000000001,'FINISHED',2.098556799999999,160.28,2,4,1,0.07264320000000002,NULL,'2025-11-09 03:24:23.152','2025-11-15 00:00:05.635',1,1,1,'2025-11-09 03:24:23.152','2025-11-09 13:39:46.614'),(72,'170188599159','BUY','1762704011635',162.59,0.4,65.036,'FINISHED',0.3307660000000037,163.58,1,2,1,0.065234,NULL,'2025-11-09 16:00:13.361','2025-11-15 00:00:05.635',1,1,1,'2025-11-09 16:00:13.361','2025-11-09 18:50:37.336'),(73,'170242287098','SELL','1762714242637',163.35,0.45,73.5075,'FINISHED',-1.181061000000003,165.81,2,4,1,0.07406099999999999,'170242300802','2025-11-09 18:50:44.352','2025-11-15 00:00:05.635',1,1,1,'2025-11-09 18:50:44.352','2025-11-09 19:30:29.013'),(74,'170334549543','SELL','1762732806540',164.53,0.43,70.7479,'FINISHED',0.3895821499999971,163.46,1,2,1,0.07051785,NULL,'2025-11-10 00:00:08.253','2025-11-15 00:00:05.635',1,1,1,'2025-11-10 00:00:08.253','2025-11-10 00:02:28.443'),(75,'170335317689','BUY','1762732953742',163.58,0.44,71.9752,'FINISHED',2.087344599999998,168.49,2,4,1,0.0730554,NULL,'2025-11-10 00:02:35.463','2025-11-15 00:00:05.635',1,1,1,'2025-11-10 00:02:35.463','2025-11-10 03:04:09.590'),(76,'170505502888','SELL','1762761610764',167.27,0.39,65.23530000000001,'FINISHED',0.3522733500000085,166.2,1,2,1,0.06502664999999999,NULL,'2025-11-10 08:00:12.629','2025-11-15 00:00:05.635',1,1,1,'2025-11-10 08:00:12.629','2025-11-10 08:38:34.995'),(77,'170515803686','BUY','1762763920297',166.2,0.44,73.128,'FINISHED',2.125772,171.2,2,4,1,0.07422799999999999,NULL,'2025-11-10 08:38:42.005','2025-11-15 00:00:05.635',1,1,1,'2025-11-10 08:38:42.005','2025-11-11 03:09:51.942'),(78,'171011523202','SELL','1762848006331',163.87,0.46,75.3802,'FINISHED',0.4216682000000058,162.79,1,2,1,0.0751318,NULL,'2025-11-11 08:00:11.356','2025-11-15 00:00:05.635',1,1,1,'2025-11-11 08:00:11.356','2025-11-11 10:35:14.471'),(79,'171067729850','BUY','1762857319767',162.89,0.46,74.9294,'FINISHED',-1.2243544,160.39,2,4,1,0.07435439999999999,'171067750128','2025-11-11 10:35:21.482','2025-11-15 00:00:05.635',1,1,1,'2025-11-11 10:35:21.482','2025-11-11 15:33:10.079'),(80,'171184365178','SELL','1762876805545',160.81,0.46,73.9726,'FINISHED',0.358643599999999,159.87,1,2,1,0.0737564,NULL,'2025-11-11 16:00:08.939','2025-11-15 00:00:05.635',1,1,1,'2025-11-11 16:00:08.939','2025-11-11 16:30:35.966'),(81,'171195121247','BUY','1762878641263',159.91,0.46,73.5586,'FINISHED',-1.181604299999998,157.5,2,4,1,0.0730043,'171195135650','2025-11-11 16:30:42.978','2025-11-15 00:00:05.635',1,1,1,'2025-11-11 16:30:42.978','2025-11-11 19:58:25.001'),(82,'171356340897','BUY','1762905612636',154.42,0.41,63.31219999999999,'FINISHED',0.3136992000000065,155.34,1,2,1,0.0635008,NULL,'2025-11-12 00:00:14.351','2025-11-15 00:00:05.635',1,1,1,'2025-11-12 00:00:14.351','2025-11-12 01:17:13.500'),(83,'171387395333','SELL','1762910238809',155.26,0.46,71.4196,'FINISHED',-1.143755500000006,157.59,2,4,1,0.0719555,'171387409191','2025-11-12 01:17:20.517','2025-11-15 00:00:05.635',1,1,1,'2025-11-12 01:17:20.517','2025-11-12 08:37:28.664'),(84,'171672798960','BUY','1762963214812',155.84,0.39,60.77760000000001,'FINISHED',-1.206804299999999,152.9,1,2,1,0.0602043,'171672829052','2025-11-12 16:00:18.218','2025-11-15 00:00:05.635',1,1,1,'2025-11-12 16:00:18.218','2025-11-12 16:14:06.623'),(85,'171848829469','BUY','1762992010930',153.22,0.39,59.7558,'FINISHED',0.2988647999999952,154.14,1,2,1,0.05993519999999999,NULL,'2025-11-13 00:00:12.638','2025-11-15 00:00:05.635',1,1,1,'2025-11-13 00:00:12.638','2025-11-13 00:36:00.108'),(86,'171860706908','SELL','1762994165416',154.12,0.44,67.8128,'FINISHED',-1.084721000000001,156.43,2,4,1,0.068321,'171860721290','2025-11-13 00:36:07.138','2025-11-15 00:00:05.635',1,1,1,'2025-11-13 00:36:07.138','2025-11-13 05:54:50.072'),(87,'172030602259','BUY','1763020809765',155.22,0.37,57.4314,'FINISHED',0.2864965500000025,156.15,1,2,1,0.05760345,NULL,'2025-11-13 08:00:11.476','2025-11-15 00:00:05.635',1,1,1,'2025-11-13 08:00:11.476','2025-11-13 08:25:32.028'),(88,'172037619348','SELL','1763022337313',156.14,0.42,65.57879999999999,'FINISHED',1.947227099999997,151.35,2,4,1,0.0645729,NULL,'2025-11-13 08:25:39.017','2025-11-15 00:00:05.635',1,1,1,'2025-11-13 08:25:39.017','2025-11-13 16:39:32.708'),(89,'172395091938','BUY','1763078406291',144.52,0.46,66.4792,'FINISHED',0.3427160999999938,145.41,1,2,1,0.06668389999999999,NULL,'2025-11-14 00:00:09.680','2025-11-15 00:00:05.635',1,1,1,'2025-11-14 00:00:09.680','2025-11-14 02:17:29.650'),(90,'172452120982','SELL','1763086654950',145.4,0.46,66.884,'FINISHED',66.850558,0,2,4,1,0.033442,NULL,'2025-11-14 02:17:36.673','2025-11-15 00:00:05.635',1,1,1,'2025-11-14 02:17:36.673','2025-11-14 04:38:27.919');
/*!40000 ALTER TABLE `Order` ENABLE KEYS */;
UNLOCK TABLES;

--
-- Table structure for table `Strategy`
--

DROP TABLE IF EXISTS `Strategy`;
/*!40101 SET @saved_cs_client     = @@character_set_client */;
/*!50503 SET character_set_client = utf8mb4 */;
CREATE TABLE `Strategy` (
  `id` int NOT NULL AUTO_INCREMENT,
  `description` varchar(191) CHARACTER SET utf8mb4 COLLATE utf8mb4_unicode_ci NOT NULL,
  `contribution` int NOT NULL DEFAULT '0',
  `isActive` tinyint(1) NOT NULL DEFAULT '0',
  `isCloseBeforeNewCandle` tinyint(1) NOT NULL DEFAULT '0',
  `direction` enum('SAME','OPPOSITE') CHARACTER SET utf8mb4 COLLATE utf8mb4_unicode_ci NOT NULL DEFAULT 'SAME',
  `createdAt` datetime(3) NOT NULL DEFAULT CURRENT_TIMESTAMP(3),
  `updatedAt` datetime(3) NOT NULL DEFAULT CURRENT_TIMESTAMP(3),
  `parentStrategy` int DEFAULT NULL,
  PRIMARY KEY (`id`)
) ENGINE=InnoDB AUTO_INCREMENT=3 DEFAULT CHARSET=utf8mb4 COLLATE=utf8mb4_unicode_ci;
/*!40101 SET character_set_client = @saved_cs_client */;

--
-- Dumping data for table `Strategy`
--

LOCK TABLES `Strategy` WRITE;
/*!40000 ALTER TABLE `Strategy` DISABLE KEYS */;
INSERT INTO `Strategy` VALUES (1,'',100,1,0,'OPPOSITE','2025-09-08 19:03:58.929','2025-09-08 19:03:58.929',NULL),(2,'trigger',100,1,0,'OPPOSITE','2025-09-08 19:03:58.929','2025-09-08 19:03:58.929',1);
/*!40000 ALTER TABLE `Strategy` ENABLE KEYS */;
UNLOCK TABLES;

--
-- Table structure for table `Target`
--

DROP TABLE IF EXISTS `Target`;
/*!40101 SET @saved_cs_client     = @@character_set_client */;
/*!50503 SET character_set_client = utf8mb4 */;
CREATE TABLE `Target` (
  `id` int NOT NULL AUTO_INCREMENT,
  `targetPercent` double NOT NULL DEFAULT '0',
  `stoplossPercent` double NOT NULL DEFAULT '0',
  `tokenId` int DEFAULT NULL,
  `strategyId` int DEFAULT NULL,
  `createdAt` datetime(3) NOT NULL DEFAULT CURRENT_TIMESTAMP(3),
  `updatedAt` datetime(3) NOT NULL DEFAULT CURRENT_TIMESTAMP(3),
  PRIMARY KEY (`id`),
  KEY `Target_tokenId_fkey` (`tokenId`),
  KEY `Target_strategyId_fkey` (`strategyId`),
  CONSTRAINT `Target_strategyId_fkey` FOREIGN KEY (`strategyId`) REFERENCES `Strategy` (`id`) ON DELETE CASCADE ON UPDATE CASCADE,
  CONSTRAINT `Target_tokenId_fkey` FOREIGN KEY (`tokenId`) REFERENCES `Token` (`id`) ON DELETE SET NULL ON UPDATE CASCADE
) ENGINE=InnoDB AUTO_INCREMENT=6 DEFAULT CHARSET=utf8mb4 COLLATE=utf8mb4_unicode_ci;
/*!40101 SET character_set_client = @saved_cs_client */;

--
-- Dumping data for table `Target`
--

LOCK TABLES `Target` WRITE;
/*!40000 ALTER TABLE `Target` DISABLE KEYS */;
INSERT INTO `Target` VALUES (1,0,-1.85,1,1,'2025-09-08 19:06:42.158','2025-09-08 19:06:42.158'),(2,0.6,0.6,1,1,'2025-09-08 19:07:09.095','2025-09-08 19:07:09.095'),(3,0,-1.5,1,2,'2025-09-08 19:00:00.000','2025-09-08 19:06:42.158'),(4,3,3,1,2,'2025-09-08 19:00:00.000','2025-09-08 19:06:42.158');
/*!40000 ALTER TABLE `Target` ENABLE KEYS */;
UNLOCK TABLES;

--
-- Table structure for table `Token`
--

DROP TABLE IF EXISTS `Token`;
/*!40101 SET @saved_cs_client     = @@character_set_client */;
/*!50503 SET character_set_client = utf8mb4 */;
CREATE TABLE `Token` (
  `id` int NOT NULL AUTO_INCREMENT,
  `name` varchar(191) CHARACTER SET utf8mb4 COLLATE utf8mb4_unicode_ci NOT NULL,
  `stable` varchar(191) CHARACTER SET utf8mb4 COLLATE utf8mb4_unicode_ci NOT NULL,
  `minQty` double NOT NULL DEFAULT '0',
  `isActive` tinyint(1) NOT NULL DEFAULT '1',
  `createdAt` datetime(3) NOT NULL DEFAULT CURRENT_TIMESTAMP(3),
  `updatedAt` datetime(3) NOT NULL DEFAULT CURRENT_TIMESTAMP(3),
  `leverage` int NOT NULL DEFAULT '1',
  PRIMARY KEY (`id`),
  UNIQUE KEY `Token_name_key` (`name`)
) ENGINE=InnoDB AUTO_INCREMENT=4 DEFAULT CHARSET=utf8mb4 COLLATE=utf8mb4_unicode_ci;
/*!40101 SET character_set_client = @saved_cs_client */;

--
-- Dumping data for table `Token`
--

LOCK TABLES `Token` WRITE;
/*!40000 ALTER TABLE `Token` DISABLE KEYS */;
INSERT INTO `Token` VALUES (1,'SOL','USDT',0.03,1,'2025-09-08 19:02:01.386','2025-09-08 19:02:01.386',1),(2,'ETH','USDT',0.01,1,'2023-09-29 20:08:51.000','2023-09-29 20:00:00.000',2),(3,'BTC','USDT',0.002,1,'2023-09-29 20:00:00.000','2023-09-20 20:00:00.000',2);
/*!40000 ALTER TABLE `Token` ENABLE KEYS */;
UNLOCK TABLES;

--
-- Table structure for table `TokenStrategy`
--

DROP TABLE IF EXISTS `TokenStrategy`;
/*!40101 SET @saved_cs_client     = @@character_set_client */;
/*!50503 SET character_set_client = utf8mb4 */;
CREATE TABLE `TokenStrategy` (
  `id` int NOT NULL AUTO_INCREMENT,
  `tokenId` int DEFAULT NULL,
  `strategyId` int DEFAULT NULL,
  `createdAt` datetime(3) NOT NULL DEFAULT CURRENT_TIMESTAMP(3),
  `updatedAt` datetime(3) NOT NULL,
  PRIMARY KEY (`id`),
  KEY `TokenStrategy_tokenId_fkey` (`tokenId`),
  KEY `TokenStrategy_strategyId_fkey` (`strategyId`),
  CONSTRAINT `TokenStrategy_strategyId_fkey` FOREIGN KEY (`strategyId`) REFERENCES `Strategy` (`id`) ON DELETE SET NULL ON UPDATE CASCADE,
  CONSTRAINT `TokenStrategy_tokenId_fkey` FOREIGN KEY (`tokenId`) REFERENCES `Token` (`id`) ON DELETE SET NULL ON UPDATE CASCADE
) ENGINE=InnoDB AUTO_INCREMENT=3 DEFAULT CHARSET=utf8mb4 COLLATE=utf8mb4_unicode_ci;
/*!40101 SET character_set_client = @saved_cs_client */;

--
-- Dumping data for table `TokenStrategy`
--

LOCK TABLES `TokenStrategy` WRITE;
/*!40000 ALTER TABLE `TokenStrategy` DISABLE KEYS */;
INSERT INTO `TokenStrategy` VALUES (1,1,1,'2025-10-02 14:10:32.654','2025-09-08 11:11:22.729'),(2,1,2,'2025-10-20 18:58:26.643','2025-10-20 18:58:26.643');
/*!40000 ALTER TABLE `TokenStrategy` ENABLE KEYS */;
UNLOCK TABLES;

--
-- Table structure for table `User`
--

DROP TABLE IF EXISTS `User`;
/*!40101 SET @saved_cs_client     = @@character_set_client */;
/*!50503 SET character_set_client = utf8mb4 */;
CREATE TABLE `User` (
  `id` int NOT NULL AUTO_INCREMENT,
  `fullname` varchar(191) CHARACTER SET utf8mb4 COLLATE utf8mb4_unicode_ci NOT NULL,
  `username` varchar(191) CHARACTER SET utf8mb4 COLLATE utf8mb4_unicode_ci NOT NULL,
  `email` varchar(191) CHARACTER SET utf8mb4 COLLATE utf8mb4_unicode_ci NOT NULL,
  `password` varchar(191) CHARACTER SET utf8mb4 COLLATE utf8mb4_unicode_ci NOT NULL,
  `profit` double NOT NULL DEFAULT '0',
  `isActive` tinyint(1) NOT NULL DEFAULT '0',
  `isVerified` tinyint(1) NOT NULL DEFAULT '0',
  `avatar` int NOT NULL DEFAULT '0',
  `createdAt` datetime(3) NOT NULL DEFAULT CURRENT_TIMESTAMP(3),
  `updatedAt` datetime(3) NOT NULL DEFAULT CURRENT_TIMESTAMP(3),
  `tradeBalance` int NOT NULL DEFAULT '0',
  `telegramChatId` varchar(191) CHARACTER SET utf8mb4 COLLATE utf8mb4_unicode_ci DEFAULT NULL,
  `adminCommissionPercent` double NOT NULL DEFAULT '0.3',
  `adminInsurance` double NOT NULL DEFAULT '0',
  `insurancePercent` double NOT NULL DEFAULT '0',
  `referralCode` varchar(191) CHARACTER SET utf8mb4 COLLATE utf8mb4_unicode_ci NOT NULL,
  `referralCommissionPercent` double NOT NULL DEFAULT '0',
  `referralInsurance` double NOT NULL DEFAULT '0',
  `referralUserId` int DEFAULT NULL,
  `apiKey` varchar(191) CHARACTER SET utf8mb4 COLLATE utf8mb4_unicode_ci NOT NULL,
  `apiPassphrase` varchar(191) CHARACTER SET utf8mb4 COLLATE utf8mb4_unicode_ci DEFAULT NULL,
  `apiSecret` varchar(191) CHARACTER SET utf8mb4 COLLATE utf8mb4_unicode_ci NOT NULL,
  PRIMARY KEY (`id`),
  UNIQUE KEY `User_username_key` (`username`),
  UNIQUE KEY `User_email_key` (`email`),
  UNIQUE KEY `User_referralCode_key` (`referralCode`),
  UNIQUE KEY `User_apiKey_key` (`apiKey`),
  UNIQUE KEY `User_apiSecret_key` (`apiSecret`),
  UNIQUE KEY `User_apiPassphrase_key` (`apiPassphrase`)
) ENGINE=InnoDB AUTO_INCREMENT=2 DEFAULT CHARSET=utf8mb4 COLLATE=utf8mb4_unicode_ci;
/*!40101 SET character_set_client = @saved_cs_client */;

--
-- Dumping data for table `User`
--

LOCK TABLES `User` WRITE;
/*!40000 ALTER TABLE `User` DISABLE KEYS */;
INSERT INTO `User` VALUES (1,'minh c nguyen','chienminh5298','chienminh5298@gmail.com','$2a$12$44N/zbAmXf5PebSuJ8vUH.nT3Aze45k4O.Maul019bIjojxFOAysO',44.474696665,1,0,0,'2025-09-08 19:13:42.122','2025-11-15 00:00:05.645',133,NULL,0.3,0,0,'a',0,0,NULL,'UJ4FK08d0mij32wOMXJPs6BRWaM3HuY5d2MOuJw3DvX0uq0vcIIjdiD22lfoAHIB',NULL,'ySv2ZjeULNRxO5IQ9JdCw1m5vWwtNOOwqtvy0weV5IDFnN3vA5vxeVv7TIKcXBx2');
/*!40000 ALTER TABLE `User` ENABLE KEYS */;
UNLOCK TABLES;

--
-- Table structure for table `UserToken`
--

DROP TABLE IF EXISTS `UserToken`;
/*!40101 SET @saved_cs_client     = @@character_set_client */;
/*!50503 SET character_set_client = utf8mb4 */;
CREATE TABLE `UserToken` (
  `id` int NOT NULL AUTO_INCREMENT,
  `userId` int DEFAULT NULL,
  `tokenId` int DEFAULT NULL,
  `createdAt` datetime(3) NOT NULL DEFAULT CURRENT_TIMESTAMP(3),
  `updatedAt` datetime(3) NOT NULL DEFAULT CURRENT_TIMESTAMP(3),
  PRIMARY KEY (`id`),
  KEY `UserToken_userId_fkey` (`userId`),
  KEY `UserToken_tokenId_fkey` (`tokenId`),
  CONSTRAINT `UserToken_tokenId_fkey` FOREIGN KEY (`tokenId`) REFERENCES `Token` (`id`) ON DELETE SET NULL ON UPDATE CASCADE,
  CONSTRAINT `UserToken_userId_fkey` FOREIGN KEY (`userId`) REFERENCES `User` (`id`) ON DELETE SET NULL ON UPDATE CASCADE
) ENGINE=InnoDB AUTO_INCREMENT=2 DEFAULT CHARSET=utf8mb4 COLLATE=utf8mb4_unicode_ci;
/*!40101 SET character_set_client = @saved_cs_client */;

--
-- Dumping data for table `UserToken`
--

LOCK TABLES `UserToken` WRITE;
/*!40000 ALTER TABLE `UserToken` DISABLE KEYS */;
INSERT INTO `UserToken` VALUES (1,1,1,'2025-09-08 19:15:22.749','2025-09-08 19:15:22.749');
/*!40000 ALTER TABLE `UserToken` ENABLE KEYS */;
UNLOCK TABLES;

--
-- Table structure for table `Voucher`
--

DROP TABLE IF EXISTS `Voucher`;
/*!40101 SET @saved_cs_client     = @@character_set_client */;
/*!50503 SET character_set_client = utf8mb4 */;
CREATE TABLE `Voucher` (
  `id` int NOT NULL AUTO_INCREMENT,
  `code` varchar(191) CHARACTER SET utf8mb4 COLLATE utf8mb4_unicode_ci NOT NULL,
  `description` varchar(191) CHARACTER SET utf8mb4 COLLATE utf8mb4_unicode_ci NOT NULL,
  `type` varchar(191) CHARACTER SET utf8mb4 COLLATE utf8mb4_unicode_ci NOT NULL,
  `value` int NOT NULL,
  `activeDate` datetime(3) DEFAULT NULL,
  `effectDate` datetime(3) NOT NULL,
  `expireDate` datetime(3) NOT NULL,
  `status` enum('inuse','expired','unused') CHARACTER SET utf8mb4 COLLATE utf8mb4_unicode_ci NOT NULL,
  `createdAt` datetime(3) NOT NULL DEFAULT CURRENT_TIMESTAMP(3),
  `updatedAt` datetime(3) NOT NULL,
  `userId` int DEFAULT NULL,
  PRIMARY KEY (`id`),
  UNIQUE KEY `Voucher_code_key` (`code`),
  KEY `Voucher_userId_fkey` (`userId`),
  CONSTRAINT `Voucher_userId_fkey` FOREIGN KEY (`userId`) REFERENCES `User` (`id`) ON DELETE SET NULL ON UPDATE CASCADE
) ENGINE=InnoDB DEFAULT CHARSET=utf8mb4 COLLATE=utf8mb4_unicode_ci;
/*!40101 SET character_set_client = @saved_cs_client */;

--
-- Dumping data for table `Voucher`
--

LOCK TABLES `Voucher` WRITE;
/*!40000 ALTER TABLE `Voucher` DISABLE KEYS */;
/*!40000 ALTER TABLE `Voucher` ENABLE KEYS */;
UNLOCK TABLES;
/*!40103 SET TIME_ZONE=@OLD_TIME_ZONE */;

/*!40101 SET SQL_MODE=@OLD_SQL_MODE */;
/*!40014 SET FOREIGN_KEY_CHECKS=@OLD_FOREIGN_KEY_CHECKS */;
/*!40014 SET UNIQUE_CHECKS=@OLD_UNIQUE_CHECKS */;
/*!40101 SET CHARACTER_SET_CLIENT=@OLD_CHARACTER_SET_CLIENT */;
/*!40101 SET CHARACTER_SET_RESULTS=@OLD_CHARACTER_SET_RESULTS */;
/*!40101 SET COLLATION_CONNECTION=@OLD_COLLATION_CONNECTION */;
/*!40111 SET SQL_NOTES=@OLD_SQL_NOTES */;

-- Dump completed on 2025-11-16 11:04:55
